snr_db,BPSK,BFSK,QPSK,16QAM,DPSK,Overall
-10,1.0000,1.0000,0.6250,0.6750,0.3250,0.7250
-8,1.0000,1.0000,0.6500,0.7750,0.4500,0.7750
-6,1.0000,1.0000,0.7750,0.8500,0.6750,0.8600
-4,1.0000,1.0000,0.9500,0.9250,0.9500,0.9650
-2,1.0000,1.0000,1.0000,1.0000,1.0000,1.0000
0,1.0000,1.0000,1.0000,1.0000,1.0000,1.0000
2,1.0000,1.0000,1.0000,1.0000,1.0000,1.0000
4,1.0000,1.0000,1.0000,1.0000,1.0000,1.0000
6,1.0000,1.0000,1.0000,1.0000,1.0000,1.0000
8,1.0000,1.0000,1.0000,1.0000,1.0000,1.0000
10,1.0000,1.0000,1.0000,1.0000,1.0000,1.0000
12,1.0000,1.0000,1.0000,1.0000,1.0000,1.0000
14,1.0000,1.0000,1.0000,1.0000,1.0000,1.0000
16,1.0000,1.0000,1.0000,1.0000,1.0000,1.0000
18,1.0000,1.0000,1.0000,1.0000,1.0000,1.0000
20,1.0000,1.0000,1.0000,1.0000,1.0000,1.0000
