snr_db,BPSK_oracle,BPSK_e2e,BFSK_oracle,BFSK_e2e,QPSK_oracle,QPSK_e2e,16QAM_oracle,16QAM_e2e,DPSK_oracle,DPSK_e2e
-10,1.052e-01,1.052e-01,3.418e-01,3.418e-01,2.086e-01,3.933e-01,3.315e-01,3.897e-01,3.057e-01,4.305e-01
-8,5.454e-02,5.454e-02,2.666e-01,2.666e-01,1.394e-01,2.871e-01,2.721e-01,3.495e-01,2.334e-01,3.881e-01
-6,2.207e-02,2.207e-02,1.856e-01,1.856e-01,8.301e-02,1.554e-01,2.148e-01,2.302e-01,1.702e-01,2.033e-01
-4,4.932e-03,4.932e-03,9.751e-02,9.751e-02,3.843e-02,3.843e-02,1.662e-01,1.821e-01,1.015e-01,1.015e-01
-2,9.277e-04,9.277e-04,3.823e-02,3.823e-02,1.206e-02,1.206e-02,1.215e-01,1.215e-01,5.029e-02,5.029e-02
0,4.883e-05,4.883e-05,9.717e-03,9.717e-03,2.490e-03,2.490e-03,7.847e-02,7.847e-02,1.816e-02,1.816e-02
2,0.000e+00,0.000e+00,7.324e-04,7.324e-04,1.953e-04,1.953e-04,4.375e-02,4.375e-02,3.516e-03,3.516e-03
4,0.000e+00,0.000e+00,4.883e-05,4.883e-05,4.883e-05,4.883e-05,1.733e-02,1.733e-02,3.418e-04,3.418e-04
6,0.000e+00,0.000e+00,0.000e+00,0.000e+00,0.000e+00,0.000e+00,4.785e-03,4.785e-03,0.000e+00,0.000e+00
8,0.000e+00,0.000e+00,0.000e+00,0.000e+00,0.000e+00,0.000e+00,7.813e-04,7.813e-04,0.000e+00,0.000e+00
10,0.000e+00,0.000e+00,0.000e+00,0.000e+00,0.000e+00,0.000e+00,0.000e+00,0.000e+00,0.000e+00,0.000e+00
12,0.000e+00,0.000e+00,0.000e+00,0.000e+00,0.000e+00,0.000e+00,0.000e+00,0.000e+00,0.000e+00,0.000e+00
14,0.000e+00,0.000e+00,0.000e+00,0.000e+00,0.000e+00,0.000e+00,0.000e+00,0.000e+00,0.000e+00,0.000e+00
16,0.000e+00,0.000e+00,0.000e+00,0.000e+00,0.000e+00,0.000e+00,0.000e+00,0.000e+00,0.000e+00,0.000e+00
